observed_at,city,lat,lon,temperature_c,humidity_pct,wind_kmh,weather_code,weather,api_time_utc
2026-09-16T16:16:56+00:00,Bozeman,45.68,-111.04,10.6,67,3.3,0,Clear,2026-09-16T16:15
2026-09-16T16:16:56+00:00,London,51.51,-0.13,19.5,47,12.2,2,Partly cloudy,2026-09-16T16:15
2026-09-16T16:16:56+00:00,New York,40.71,-74.01,23.8,62,12.6,0,Clear,2026-09-16T16:15
2026-09-16T16:16:56+00:00,Seattle,47.61,-122.33,14.5,83,10.1,0,Clear,2026-09-16T16:15
2026-09-16T16:16:56+00:00,Sydney,-33.87,151.21,11.8,60,18.7,3,Overcast,2026-09-16T16:15
2026-09-16T16:16:56+00:00,Tokyo,35.68,139.69,19.1,96,5.9,51,Light drizzle,2026-09-16T16:15
2026-09-16T16:28:16+00:00,Bozeman,45.68,-111.04,10.6,67,3.3,0,Clear,2026-09-16T16:15
2026-09-16T16:28:16+00:00,London,51.51,-0.13,19.5,47,12.2,2,Partly cloudy,2026-09-16T16:15
2026-09-16T16:28:16+00:00,New York,40.71,-74.01,23.8,62,12.6,0,Clear,2026-09-16T16:15
2026-09-16T16:28:16+00:00,Seattle,47.61,-122.33,14.5,83,10.1,0,Clear,2026-09-16T16:15
2026-09-16T16:28:16+00:00,Sydney,-33.87,151.21,11.8,60,18.7,3,Overcast,2026-09-16T16:15
2026-09-16T16:28:16+00:00,Tokyo,35.68,139.69,19.1,96,5.9,51,Light drizzle,2026-09-16T16:15
2026-09-16T16:34:12+00:00,Bozeman,45.68,-111.04,11.1,66,3.6,0,Clear,2026-09-16T16:30
2026-09-16T16:34:12+00:00,London,51.51,-0.13,19.4,46,13.3,1,Mainly clear,2026-09-16T16:30
2026-09-16T16:34:12+00:00,New York,40.71,-74.01,24.4,61,12.2,0,Clear,2026-09-16T16:30
2026-09-16T16:34:12+00:00,Seattle,47.61,-122.33,15.1,82,9.0,0,Clear,2026-09-16T16:30
2026-09-16T16:34:12+00:00,Sydney,-33.87,151.21,11.7,60,17.8,2,Partly cloudy,2026-09-16T16:30
2026-09-16T16:34:12+00:00,Tokyo,35.68,139.69,19.1,96,6.2,51,Light drizzle,2026-09-16T16:30
2026-09-16T18:33:04+00:00,Bozeman,45.68,-111.04,15.6,50,6.6,0,Clear,2026-09-16T18:30
2026-09-16T18:33:04+00:00,London,51.51,-0.13,19.1,47,11.2,0,Clear,2026-09-16T18:30
2026-09-16T18:33:04+00:00,New York,40.71,-74.01,26.3,51,11.0,2,Partly cloudy,2026-09-16T18:30
2026-09-16T18:33:04+00:00,Seattle,47.61,-122.33,17.9,69,10.8,0,Clear,2026-09-16T18:30
2026-09-16T18:33:04+00:00,Sydney,-33.87,151.21,10.7,65,14.7,3,Overcast,2026-09-16T18:30
2026-09-16T18:33:04+00:00,Tokyo,35.68,139.69,19.2,91,5.8,2,Partly cloudy,2026-09-16T18:30
2026-09-17T01:02:40+00:00,Bozeman,45.68,-111.04,19.3,31,14.4,0,Clear,2026-09-17T01:00
2026-09-17T01:02:40+00:00,London,51.51,-0.13,14.7,70,13.7,3,Overcast,2026-09-17T01:00
2026-09-17T01:02:40+00:00,New York,40.71,-74.01,21.7,86,9.0,0,Clear,2026-09-17T01:00
2026-09-17T01:02:40+00:00,Seattle,47.61,-122.33,20.0,63,8.5,0,Clear,2026-09-17T01:00
2026-09-17T01:02:40+00:00,Sydney,-33.87,151.21,15.5,55,16.8,1,Mainly clear,2026-09-17T01:00
2026-09-17T01:02:40+00:00,Tokyo,35.68,139.69,22.1,78,7.1,1,Mainly clear,2026-09-17T01:00
2026-09-17T06:45:38+00:00,Bozeman,45.68,-111.04,13.0,49,28.7,0,Clear,2026-09-17T06:45
2026-09-17T06:45:38+00:00,London,51.51,-0.13,14.2,91,15.5,61,Light rain,2026-09-17T06:45
2026-09-17T06:45:38+00:00,New York,40.71,-74.01,21.2,87,7.0,0,Clear,2026-09-17T06:45
2026-09-17T06:45:38+00:00,Seattle,47.61,-122.33,14.2,75,7.1,0,Clear,2026-09-17T06:45
2026-09-17T06:45:38+00:00,Sydney,-33.87,151.21,15.2,62,9.7,0,Clear,2026-09-17T06:45
2026-09-17T06:45:38+00:00,Tokyo,35.68,139.69,24.5,68,8.1,1,Mainly clear,2026-09-17T06:45
2026-09-17T12:39:58+00:00,Bozeman,45.68,-111.04,7.7,72,4.7,3,Overcast,2026-09-17T12:30
2026-09-17T12:39:58+00:00,London,51.51,-0.13,19.2,56,15.1,2,Partly cloudy,2026-09-17T12:30
2026-09-17T12:39:58+00:00,New York,40.71,-74.01,22.1,84,10.1,0,Clear,2026-09-17T12:30
2026-09-17T12:39:58+00:00,Seattle,47.61,-122.33,10.7,75,3.8,0,Clear,2026-09-17T12:30
2026-09-17T12:39:58+00:00,Sydney,-33.87,151.21,12.2,87,6.4,0,Clear,2026-09-17T12:30
2026-09-17T12:39:58+00:00,Tokyo,35.68,139.69,20.4,77,7.4,1,Mainly clear,2026-09-17T12:30
2026-09-17T18:34:32+00:00,Bozeman,45.68,-111.04,19.9,43,9.7,3,Overcast,2026-09-17T18:30
2026-09-17T18:34:32+00:00,London,51.51,-0.13,18.5,46,16.2,1,Mainly clear,2026-09-17T18:30
2026-09-17T18:34:32+00:00,New York,40.71,-74.01,27.6,62,14.1,3,Overcast,2026-09-17T18:30
2026-09-17T18:34:32+00:00,Seattle,47.61,-122.33,18.1,79,5.1,0,Clear,2026-09-17T18:30
2026-09-17T18:34:32+00:00,Sydney,-33.87,151.21,9.1,94,5.0,0,Clear,2026-09-17T18:30
2026-09-17T18:34:32+00:00,Tokyo,35.68,139.69,19.1,82,6.9,1,Mainly clear,2026-09-17T18:30
2026-09-18T01:01:55+00:00,Bozeman,45.68,-111.04,20.1,48,6.3,3,Overcast,2026-09-18T01:00
2026-09-18T01:01:55+00:00,London,51.51,-0.13,14.3,72,11.5,2,Partly cloudy,2026-09-18T01:00
2026-09-18T01:01:55+00:00,New York,40.71,-74.01,23.9,81,13.7,3,Overcast,2026-09-18T01:00
2026-09-18T01:01:55+00:00,Seattle,47.61,-122.33,20.9,47,5.4,0,Clear,2026-09-18T01:00
2026-09-18T01:01:55+00:00,Sydney,-33.87,151.21,20.2,28,5.8,0,Clear,2026-09-18T01:00
2026-09-18T01:01:55+00:00,Tokyo,35.68,139.69,22.4,72,7.3,2,Partly cloudy,2026-09-18T01:00
2026-09-18T06:44:04+00:00,Bozeman,45.68,-111.04,14.6,52,9.5,3,Overcast,2026-09-18T06:30
2026-09-18T06:44:04+00:00,London,51.51,-0.13,12.0,80,9.4,3,Overcast,2026-09-18T06:30
2026-09-18T06:44:04+00:00,New York,40.71,-74.01,23.1,88,6.9,3,Overcast,2026-09-18T06:30
2026-09-18T06:44:04+00:00,Seattle,47.61,-122.33,15.3,62,3.8,0,Clear,2026-09-18T06:30
2026-09-18T06:44:04+00:00,Sydney,-33.87,151.21,20.9,45,13.1,1,Mainly clear,2026-09-18T06:30
2026-09-18T06:44:04+00:00,Tokyo,35.68,139.69,22.5,74,5.9,3,Overcast,2026-09-18T06:30
